method,data_kind,positive_source_rows,source_rows,best_reported_mean_speedup,final_verify_mean_speedup,mean_change_pct,median_absolute_latency_change_pct,p90_absolute_latency_change_pct,p95_absolute_latency_change_pct,p99_absolute_latency_change_pct,max_absolute_latency_change_pct,count_final_latency_faster,count_final_latency_slower,count_absolute_change_ge_8pct,count_absolute_change_8_to_10pct,fraction_absolute_latency_change_le_3pct
AKO+TileWeave,measured,971,1000,4.836,4.823133799035835,-0.26605047485867006,1.0503536342712827,2.8640431123384906,3.8089593153912586,9.019614294404944,11.539274571510033,371,600,12,3,0.9083419155509783
AKO-Fixed,measured,935,1000,3.7405,3.7277073614910927,-0.3420034356077295,0.6838855745448045,1.8752717790700775,2.8364677787543,8.22148659175367,10.692576270563823,343,592,10,8,0.9540106951871657
AKO-High-only,measured,933,1000,3.0632499999999996,3.058033952931372,-0.17027820349718725,0.6471320937119601,1.82921400386359,2.9551231310584583,7.273500885018775,10.883395666152348,347,586,5,2,0.9517684887459807
AKO-Low-only,measured,950,1000,2.77025,2.7677700696922307,-0.0895200905250082,0.7559239278250086,1.993510844041381,2.6982198822324905,7.660445232081098,11.669121202177662,407,543,8,6,0.9547368421052631
AKO-Unrestricted,measured,952,1000,3.2344999999999997,3.2191606744313073,-0.47424101309916367,0.7680233624153526,2.0494150642470204,3.2264953707249573,8.060627453735938,10.632965157271688,290,662,10,6,0.9464285714285714
KDA,measured,940,1000,2.615,2.60529670288659,-0.37106298712850094,0.9063521117235382,2.820237732862448,4.268403160315276,7.885126841033203,11.962118838323212,316,624,9,4,0.9127659574468086
KDA+TileWeave,measured,967,1000,4.425,4.416252691366361,-0.1976792911556835,0.8031916204097704,1.9877275990117886,2.9681438688689914,8.523410328952183,10.936083411606695,399,568,12,8,0.9513960703205792
Random,measured,949,1000,3.747657485882957,3.726846829607145,-0.555297712082925,0.8688146752063326,2.497559211467056,3.288036296082667,7.78176421760181,11.552446796540266,278,671,9,5,0.934668071654373
w/o Diagnosis,measured,961,1000,4.228684148916204,4.215318616399075,-0.31606835711659453,0.8440107308800255,2.2080327180358084,2.9235046941248353,7.035879946369511,10.630411024849353,356,605,4,3,0.9521331945889698
w/o Scheduling,measured,939,1000,3.8540745494319637,3.844625947793642,-0.24515876683585125,0.718965454011749,2.0459873345324295,2.7048127226797622,7.3651214974762915,11.758749620260392,374,565,4,1,0.9605963791267306
w/o Tree,measured,956,1000,4.140911130437996,4.129556042734022,-0.2742171311165942,0.8400546160896607,2.4137674567937637,3.377852793900597,7.487065682145863,11.951273450296853,369,587,8,7,0.9341004184100419
