iteration,stage,record_id,source_compiled,source_correct,candidate_median_ms,reference_ms,speedup,timing_samples,output,warmup_executions,timed_executions,timing_input_seed,aggregation
iter-1,High,CASE-MINGPT-iter-1,True,True,24.24252700805664,44.953800201416016,1.8543363976237417,5,run/sessions/1/trajectory/20260926_095620_iter-1/output.txt,3,5,42,median
iter-2,High,CASE-MINGPT-iter-2,True,True,21.111492156982422,44.953800201416016,2.1293521020278985,5,run/sessions/1/trajectory/20260926_095748_iter-2/output.txt,3,5,42,median
iter-3,High,CASE-MINGPT-iter-3,True,True,13.495665550231934,44.953800201416016,3.330980605150181,5,run/sessions/1/trajectory/20260926_095903_iter-3/output.txt,3,5,42,median
iter-4,High,CASE-MINGPT-iter-4,True,True,9.10731315612793,44.953800201416016,4.936011250603421,5,run/sessions/1/trajectory/20260926_100022_iter-4/output.txt,3,5,42,median
iter-5,High,CASE-MINGPT-iter-5,False,False,,44.953800201416016,0,0,run/sessions/1/trajectory/20260926_100104_iter-5/output.txt,3,5,42,median
iter-6,High,CASE-MINGPT-iter-6,True,True,6.419225215911865,44.953800201416016,7.002994705651596,5,run/sessions/1/trajectory/20260926_100122_iter-6/output.txt,3,5,42,median
iter-7,High,CASE-MINGPT-iter-7,True,True,7.3774871826171875,44.953800201416016,6.093375574726314,5,run/sessions/1/trajectory/20260926_100202_iter-7/output.txt,3,5,42,median
iter-8,High,CASE-MINGPT-iter-8,True,True,5.681180953979492,44.953800201416016,7.912756267678336,5,run/sessions/1/trajectory/20260926_100232_iter-8/output.txt,3,5,42,median
iter-9,High,CASE-MINGPT-iter-9,False,False,,44.953800201416016,0,0,run/sessions/1/trajectory/20260926_100307_iter-9/output.txt,3,5,42,median
iter-10,High,CASE-MINGPT-iter-10,False,False,,44.953800201416016,0,0,run/sessions/1/trajectory/20260926_100338_iter-10/output.txt,3,5,42,median
iter-11,High,CASE-MINGPT-iter-11,True,True,5.788878917694092,44.953800201416016,7.765545080587494,5,run/sessions/1/trajectory/20260926_100404_iter-11/output.txt,3,5,42,median
iter-12,High,CASE-MINGPT-iter-12,True,True,6.390875816345215,44.953800201416016,7.034059414273519,5,run/sessions/1/trajectory/20260926_100440_iter-12/output.txt,3,5,42,median
iter-13,High,CASE-MINGPT-iter-13,True,True,5.83906888961792,44.953800201416016,7.69879599833897,5,run/sessions/1/trajectory/20260926_100548_iter-13/output.txt,3,5,42,median
iter-14,High,CASE-MINGPT-iter-14,True,True,8.444855690002441,44.953800201416016,5.323217098266722,5,run/sessions/1/trajectory/20260926_100644_iter-14/output.txt,3,5,42,median
iter-15,High,CASE-MINGPT-iter-15,False,False,,44.953800201416016,0,0,run/sessions/1/trajectory/20260926_100803_iter-15/output.txt,3,5,42,median
iter-16,High,CASE-MINGPT-iter-16,True,True,6.007559776306152,44.953800201416016,7.482871893961678,5,run/sessions/1/trajectory/20260926_100835_iter-16/output.txt,3,5,42,median
iter-17,High,CASE-MINGPT-iter-17,True,True,5.149131774902344,44.953800201416016,8.730365072521103,5,run/sessions/1/trajectory/20260926_100946_iter-17/output.txt,3,5,42,median
iter-18,High,CASE-MINGPT-iter-18,True,True,5.508458137512207,44.953800201416016,8.160868083081878,5,run/sessions/1/trajectory/20260926_101016_iter-18/output.txt,3,5,42,median
iter-19,High,CASE-MINGPT-iter-19,True,True,5.467778205871582,44.953800201416016,8.221584436827065,5,run/sessions/1/trajectory/20260926_101047_iter-19/output.txt,3,5,42,median
iter-20,Low,CASE-MINGPT-iter-20,True,True,5.365053176879883,44.953800201416016,8.379003659300071,5,run/sessions/1/trajectory/20260926_101308_iter-20/output.txt,3,5,42,median
iter-21,Low,CASE-MINGPT-iter-21,True,True,4.913488864898682,44.953800201416016,9.14905913851969,5,run/sessions/1/trajectory/20260926_101437_iter-21/output.txt,3,5,42,median
iter-22,Low,CASE-MINGPT-iter-22,True,True,5.695986747741699,44.953800201416016,7.892188341069956,5,run/sessions/1/trajectory/20260926_101557_iter-22/output.txt,3,5,42,median
iter-23,Low,CASE-MINGPT-iter-23,True,True,4.704755783081055,44.953800201416016,9.554969965301074,5,run/sessions/1/trajectory/20260926_101653_iter-23/output.txt,3,5,42,median
iter-24,Low,CASE-MINGPT-iter-24,True,True,4.5977678298950195,44.953800201416016,9.777309743463588,5,run/sessions/1/trajectory/20260926_101817_iter-24/output.txt,3,5,42,median
iter-25,Low,CASE-MINGPT-iter-25,True,True,4.847190856933594,44.953800201416016,9.274196442484312,5,run/sessions/1/trajectory/20260926_102030_iter-25/output.txt,3,5,42,median
iter-26,Low,CASE-MINGPT-iter-26,True,True,4.842864990234375,44.953800201416016,9.282480575457965,5,run/sessions/1/trajectory/20260926_102132_iter-26/output.txt,3,5,42,median
iter-27,Low,CASE-MINGPT-iter-27,True,True,5.2709808349609375,44.953800201416016,8.528545560866029,5,run/sessions/1/trajectory/20260926_102344_iter-27/output.txt,3,5,42,median
iter-28,Low,CASE-MINGPT-iter-28,True,True,4.507715225219727,44.953800201416016,9.972635349701969,5,run/sessions/1/trajectory/20260926_102535_iter-28/output.txt,3,5,42,median
iter-29,Low,CASE-MINGPT-iter-29,True,True,4.606031894683838,44.953800201416016,9.759767459122575,5,run/sessions/1/trajectory/20260926_102631_iter-29/output.txt,3,5,42,median
iter-30,Low,CASE-MINGPT-iter-30,True,True,4.467650890350342,44.953800201416016,10.062066465065907,5,run/sessions/1/trajectory/20260926_102734_iter-30/output.txt,3,5,42,median
iter-31,High,CASE-MINGPT-iter-31,True,True,5.394363880157471,44.953800201416016,8.333475679453745,5,run/sessions/1/trajectory/20260926_102835_iter-31/output.txt,3,5,42,median
iter-32,Low,CASE-MINGPT-iter-32,True,True,4.330150127410889,44.953800201416016,10.381580055815544,5,run/sessions/1/trajectory/20260926_103024_iter-32/output.txt,3,5,42,median
iter-33,Low,CASE-MINGPT-iter-33,True,True,4.342196941375732,44.953800201416016,10.352777823838954,5,run/sessions/1/trajectory/20260926_103120_iter-33/output.txt,3,5,42,median
iter-34,Low,CASE-MINGPT-iter-34,True,True,4.321193218231201,44.953800201416016,10.403098850510787,5,run/sessions/1/trajectory/20260926_103219_iter-34/output.txt,3,5,42,median
iter-35,Low,CASE-MINGPT-iter-35,True,True,4.1856369972229,44.953800201416016,10.740014060283322,5,run/sessions/1/trajectory/20260926_103319_iter-35/output.txt,3,5,42,median
iter-36,High,CASE-MINGPT-iter-36,True,True,5.315911769866943,44.953800201416016,8.4564609322967,5,run/sessions/1/trajectory/20260926_103417_iter-36/output.txt,3,5,42,median
iter-37,High,CASE-MINGPT-iter-37,True,True,5.800072193145752,44.953800201416016,7.750558735206825,5,run/sessions/1/trajectory/20260926_103459_iter-37/output.txt,3,5,42,median
iter-38,High,CASE-MINGPT-iter-38,True,True,5.7922868728637695,44.953800201416016,7.760976137425039,5,run/sessions/1/trajectory/20260926_103556_iter-38/output.txt,3,5,42,median
iter-39,High,CASE-MINGPT-iter-39,True,True,5.336948871612549,44.953800201416016,8.423127386609815,5,run/sessions/1/trajectory/20260926_103750_iter-39/output.txt,3,5,42,median
iter-40,High,CASE-MINGPT-iter-40,True,True,5.6002068519592285,44.953800201416016,8.027167815361848,5,run/sessions/1/trajectory/20260926_103818_iter-40/output.txt,3,5,42,median
iter-41,High,CASE-MINGPT-iter-41,True,True,5.377309799194336,44.953800201416016,8.359905209134741,5,run/sessions/1/trajectory/20260926_103902_iter-41/output.txt,3,5,42,median
iter-42,High,CASE-MINGPT-iter-42,False,False,,44.953800201416016,0,0,run/sessions/1/trajectory/20260926_104031_iter-42/output.txt,3,5,42,median
iter-43,High,CASE-MINGPT-iter-43,True,True,5.529796123504639,44.953800201416016,8.129377502786754,5,run/sessions/1/trajectory/20260926_104102_iter-43/output.txt,3,5,42,median
iter-44,Low,CASE-MINGPT-iter-44,True,True,4.179405212402344,44.953800201416016,10.756028170711003,5,run/sessions/1/trajectory/20260926_104402_iter-44/output.txt,3,5,42,median
iter-45,Low,CASE-MINGPT-iter-45,True,True,4.243116855621338,44.953800201416016,10.594523255201096,5,run/sessions/1/trajectory/20260926_104448_iter-45/output.txt,3,5,42,median
iter-46,Low,CASE-MINGPT-iter-46,True,True,4.37760591506958,44.953800201416016,10.26903770544213,5,run/sessions/1/trajectory/20260926_104657_iter-46/output.txt,3,5,42,median
iter-47,Low,CASE-MINGPT-iter-47,True,True,4.086939811706543,44.953800201416016,10.999379064172002,5,run/sessions/1/trajectory/20260926_104808_iter-47/output.txt,3,5,42,median
iter-48,Low,CASE-MINGPT-iter-48,True,True,4.023087024688721,44.953800201416016,11.17395669682145,5,run/sessions/1/trajectory/20260926_104942_iter-48/output.txt,3,5,42,median
iter-49,Low,CASE-MINGPT-iter-49,True,True,4.036014080047607,44.953800201416016,11.138167337831922,5,run/sessions/1/trajectory/20260926_105204_iter-49/output.txt,3,5,42,median
iter-50,Low,CASE-MINGPT-iter-50,True,True,4.120078086853027,44.953800201416016,10.910909757963434,5,run/sessions/1/trajectory/20260926_105505_iter-50/output.txt,3,5,42,median
iter-51,Low,CASE-MINGPT-iter-51,True,True,3.9550158977508545,44.953800201416016,11.366275474892635,5,run/sessions/1/trajectory/20260926_105704_iter-51/output.txt,3,5,42,median
iter-52,Low,CASE-MINGPT-iter-52,True,True,3.9124410152435303,44.953800201416016,11.489962411258963,5,run/sessions/1/trajectory/20260926_105905_iter-52/output.txt,3,5,42,median
iter-53,Low,CASE-MINGPT-iter-53,True,True,3.831209897994995,44.953800201416016,11.73357800754845,5,run/sessions/1/trajectory/20260926_110449_iter-53/output.txt,3,5,42,median
iter-54,Low,CASE-MINGPT-iter-54,True,True,4.23185920715332,44.953800201416016,10.622706947676424,5,run/sessions/1/trajectory/20260926_110747_iter-54/output.txt,3,5,42,median
iter-55,Low,CASE-MINGPT-iter-55,True,True,4.102438926696777,44.953800201416016,10.957823140005193,5,run/sessions/1/trajectory/20260926_110857_iter-55/output.txt,3,5,42,median
iter-56,Low,CASE-MINGPT-iter-56,True,True,4.064620018005371,44.953800201416016,11.059779266519524,5,run/sessions/1/trajectory/20260926_111127_iter-56/output.txt,3,5,42,median
iter-57,Low,CASE-MINGPT-iter-57,True,True,4.13945198059082,44.953800201416016,10.859843383181316,5,run/sessions/1/trajectory/20260926_111748_iter-57/output.txt,3,5,42,median
iter-58,Low,CASE-MINGPT-iter-58,True,True,3.8803210258483887,44.953800201416016,11.585072446831218,5,run/sessions/1/trajectory/20260926_111833_iter-58/output.txt,3,5,42,median
iter-59,Low,CASE-MINGPT-iter-59,True,True,3.8964130878448486,44.953800201416016,11.537226466478298,5,run/sessions/1/trajectory/20260926_111851_iter-59/output.txt,3,5,42,median
final,Low,CASE-MINGPT-final,True,True,4.137706756591797,44.953800201416016,10.864423905778228,5,run/sessions/1/trajectory/20260926_111925_final/output.txt,3,5,42,median
