record_id,method,method_label,iteration,evaluation_index,stage,parent_context,action,search_elapsed_min,status,compiled,correct,correctness_pass_count,correctness_trials,eligible_for_final_selection,candidate_median_ms,reference_median_ms,speedup,warmups,timed_samples_per_role,timing_input_seed,timing_metric,source_snapshot,output,note
CASE-MLP-high_only-baseline,high_only,High-stage baseline,baseline,1,High,,Stay,4.127742,correct,True,True,30,30,True,11.85558,4.63566,0.39101081516045605,3,5,42,forward_elapsed_ms,runs/high_only/trajectory/baseline,runs/high_only/trajectory/baseline/output.txt,
CASE-MLP-high_only-iter-1-prelaunch,high_only,High-stage baseline,iter-1-prelaunch,,High,,Stay,,prelaunch_failed,,False,0,30,False,,,,3,0,42,forward_elapsed_ms,,runs/high_only/trajectory/iter-1-prelaunch/output.txt,Documented redirection failure before evaluation; no source snapshot or timing exists.
CASE-MLP-high_only-iter-2,high_only,High-stage baseline,iter-2,2,High,,Stay,6.818550809224447,correct,True,True,30,30,True,8.98902,4.63566,0.5157024903715867,3,5,42,forward_elapsed_ms,runs/high_only/trajectory/iter-2,runs/high_only/trajectory/iter-2/output.txt,
CASE-MLP-high_only-iter-3,high_only,High-stage baseline,iter-3,3,High,,Stay,9.25104615688324,correct,True,True,30,30,True,6.7837,4.63566,0.6833527426035939,3,5,42,forward_elapsed_ms,runs/high_only/trajectory/iter-3,runs/high_only/trajectory/iter-3/output.txt,
CASE-MLP-high_only-iter-4,high_only,High-stage baseline,iter-4,4,High,,Stay,12.616410088539123,correct,True,True,30,30,True,3.6119199999999996,4.63566,1.28343374161111,3,5,42,forward_elapsed_ms,runs/high_only/trajectory/iter-4,runs/high_only/trajectory/iter-4/output.txt,
CASE-MLP-high_only-iter-5,high_only,High-stage baseline,iter-5,5,High,,Stay,14.788527584075927,correct,True,True,30,30,True,4.6285,4.63566,1.0015469374527384,3,5,42,forward_elapsed_ms,runs/high_only/trajectory/iter-5,runs/high_only/trajectory/iter-5/output.txt,
CASE-MLP-high_only-iter-6,high_only,High-stage baseline,iter-6,6,High,,Stay,17.20144832134247,correct,True,True,30,30,True,3.3665599999999998,4.63566,1.376972339717694,3,5,42,forward_elapsed_ms,runs/high_only/trajectory/iter-6,runs/high_only/trajectory/iter-6/output.txt,
CASE-MLP-high_only-iter-7,high_only,High-stage baseline,iter-7,7,High,,Stay,19.371307114760082,correct,True,True,30,30,True,3.01124,4.63566,1.5394521858104966,3,5,42,forward_elapsed_ms,runs/high_only/trajectory/iter-7,runs/high_only/trajectory/iter-7/output.txt,
CASE-MLP-high_only-iter-8,high_only,High-stage baseline,iter-8,8,High,,Stay,22.653633109728496,correct,True,True,30,30,True,2.6633,4.63566,1.740569969586603,3,5,42,forward_elapsed_ms,runs/high_only/trajectory/iter-8,runs/high_only/trajectory/iter-8/output.txt,
CASE-MLP-high_only-iter-9,high_only,High-stage baseline,iter-9,9,High,,Stay,25.2575634876887,correct,True,True,30,30,True,2.5524200000000006,4.63566,1.8161822897485518,3,5,42,forward_elapsed_ms,runs/high_only/trajectory/iter-9,runs/high_only/trajectory/iter-9/output.txt,
CASE-MLP-high_only-iter-10,high_only,High-stage baseline,iter-10,10,High,,Stay,28.214295637607574,correct,True,True,30,30,False,2.52542,4.63566,1.8355996230330003,3,5,42,forward_elapsed_ms,runs/high_only/trajectory/iter-10,runs/high_only/trajectory/iter-10/output.txt,"Historical trial checks passed, but this candidate was excluded after identifying a missing ownership fence."
CASE-MLP-high_only-iter-11,high_only,High-stage baseline,iter-11,11,High,,Stay,30.275695824623106,correct,True,True,30,30,True,2.5996799999999998,4.63566,1.7831656203840474,3,5,42,forward_elapsed_ms,runs/high_only/trajectory/iter-11,runs/high_only/trajectory/iter-11/output.txt,
CASE-MLP-high_only-iter-12,high_only,High-stage baseline,iter-12,12,High,,Stay,32.50389672915141,correct,True,True,30,30,True,2.70748,4.63566,1.7121677722457782,3,5,42,forward_elapsed_ms,runs/high_only/trajectory/iter-12,runs/high_only/trajectory/iter-12/output.txt,
CASE-MLP-high_only-iter-13,high_only,High-stage baseline,iter-13,13,High,,Stay,35.490765476226805,correct,True,True,30,30,True,2.9936000000000003,4.63566,1.5485235168359164,3,5,42,forward_elapsed_ms,runs/high_only/trajectory/iter-13,runs/high_only/trajectory/iter-13/output.txt,
CASE-MLP-high_only-final,high_only,High-stage baseline,final,14,High,iter-9,Stay,38.05941082239151,correct,True,True,30,30,True,2.55466,4.63566,1.8145898084285186,3,5,42,forward_elapsed_ms,runs/high_only/trajectory/final,runs/high_only/trajectory/final/output.txt,Final validation of the restored selected candidate.
CASE-MLP-ours-iter-1,ours,Ours / TileWeave,iter-1,1,High,empty,Stay,3.076647,failed,False,False,0,30,False,,,,3,0,42,forward_elapsed_ms,runs/ours/trajectory/iter-1,runs/ours/trajectory/iter-1/output.txt,Compiler process failed before first correctness.
CASE-MLP-ours-iter-2,ours,Ours / TileWeave,iter-2,2,High,iter-1,Stay,5.405595,correct,True,True,30,30,True,7.21562,4.63566,0.6424479116139707,3,5,42,forward_elapsed_ms,runs/ours/trajectory/iter-2,runs/ours/trajectory/iter-2/output.txt,
CASE-MLP-ours-iter-3,ours,Ours / TileWeave,iter-3,3,High,iter-2,Stay,7.652344075838725,correct,True,True,30,30,True,6.0846599999999995,4.63566,0.7618601532378144,3,5,42,forward_elapsed_ms,runs/ours/trajectory/iter-3,runs/ours/trajectory/iter-3/output.txt,
CASE-MLP-ours-iter-4,ours,Ours / TileWeave,iter-4,4,High,iter-3,Stay,9.078687302271526,failed,False,False,0,30,False,,,,3,0,42,forward_elapsed_ms,runs/ours/trajectory/iter-4,runs/ours/trajectory/iter-4/output.txt,High-level compilation failed for the cross-scope producer/consumer candidate.
CASE-MLP-ours-iter-5,ours,Ours / TileWeave,iter-5,5,Low,iter-3 (exported High parent),Lower,14.309790953000386,failed,False,False,0,30,False,,,,3,0,42,forward_elapsed_ms,runs/ours/trajectory/iter-5,runs/ours/trajectory/iter-5/output.txt,Native candidate failed during device execution; no successful latency.
CASE-MLP-ours-iter-6,ours,Ours / TileWeave,iter-6,6,Low,iter-5,Stay,15.710534322261811,failed,False,False,0,30,False,,,,3,0,42,forward_elapsed_ms,runs/ours/trajectory/iter-6,runs/ours/trajectory/iter-6/output.txt,Native retry failed; no successful latency.
CASE-MLP-ours-iter-7,ours,Ours / TileWeave,iter-7,7,Low,iter-6,Stay,18.222085750103,correct,True,True,30,30,True,3.56616,4.63566,1.2999024160441481,3,5,42,forward_elapsed_ms,runs/ours/trajectory/iter-7,runs/ours/trajectory/iter-7/output.txt,
CASE-MLP-ours-iter-8,ours,Ours / TileWeave,iter-8,8,Low,iter-7,Stay,21.12204009691874,correct,True,True,30,30,True,3.4862399999999996,4.63566,1.3297019138097206,3,5,42,forward_elapsed_ms,runs/ours/trajectory/iter-8,runs/ours/trajectory/iter-8/output.txt,
CASE-MLP-ours-iter-9,ours,Ours / TileWeave,iter-9,9,Low,iter-8,Stay,22.93898664712906,correct,True,True,30,30,True,3.3328200000000003,4.63566,1.3909122004788734,3,5,42,forward_elapsed_ms,runs/ours/trajectory/iter-9,runs/ours/trajectory/iter-9/output.txt,
CASE-MLP-ours-iter-10,ours,Ours / TileWeave,iter-10,10,Low,iter-9,Stay,26.09654301404953,correct,True,True,30,30,True,5.51818,4.63566,0.8400704580133304,3,5,42,forward_elapsed_ms,runs/ours/trajectory/iter-10,runs/ours/trajectory/iter-10/output.txt,
CASE-MLP-ours-iter-11,ours,Ours / TileWeave,iter-11,11,Low,iter-10,Stay,28.573027789592743,correct,True,True,30,30,True,4.9360599999999994,4.63566,0.9391417446303327,3,5,42,forward_elapsed_ms,runs/ours/trajectory/iter-11,runs/ours/trajectory/iter-11/output.txt,
CASE-MLP-ours-iter-12,ours,Ours / TileWeave,iter-12,12,Low,iter-11,Stay,33.460453641414645,correct,True,True,30,30,True,3.2509600000000005,4.63566,1.4259357236016434,3,5,42,forward_elapsed_ms,runs/ours/trajectory/iter-12,runs/ours/trajectory/iter-12/output.txt,
CASE-MLP-ours-iter-13,ours,Ours / TileWeave,iter-13,13,Low,iter-9 (code parent); idea from iter-12,Stay,36.88367364406586,correct,True,True,30,30,True,2.94708,4.63566,1.5729671403558776,3,5,42,forward_elapsed_ms,runs/ours/trajectory/iter-13,runs/ours/trajectory/iter-13/output.txt,
CASE-MLP-ours-iter-14,ours,Ours / TileWeave,iter-14,14,Low,iter-13,Stay,39.015020084381106,correct,True,True,30,30,True,2.8052200000000003,4.63566,1.6525121024375982,3,5,42,forward_elapsed_ms,runs/ours/trajectory/iter-14,runs/ours/trajectory/iter-14/output.txt,
CASE-MLP-ours-iter-15,ours,Ours / TileWeave,iter-15,15,Low,iter-14,Stay,41.84657138586044,correct,True,True,30,30,True,3.12372,4.63566,1.4840190542046021,3,5,42,forward_elapsed_ms,runs/ours/trajectory/iter-15,runs/ours/trajectory/iter-15/output.txt,
CASE-MLP-ours-iter-16,ours,Ours / TileWeave,iter-16,16,Low,iter-15,Stay,43.783783960342404,correct,True,True,30,30,True,2.7328,4.63566,1.696304156908665,3,5,42,forward_elapsed_ms,runs/ours/trajectory/iter-16,runs/ours/trajectory/iter-16/output.txt,
CASE-MLP-ours-iter-17,ours,Ours / TileWeave,iter-17,17,Low,iter-16,Stay,45.53992884159088,correct,True,True,30,30,True,3.0113,4.63566,1.539421512303656,3,5,42,forward_elapsed_ms,runs/ours/trajectory/iter-17,runs/ours/trajectory/iter-17/output.txt,
CASE-MLP-ours-iter-18,ours,Ours / TileWeave,iter-18,18,Low,iter-16,Stay,47.63127607901891,correct,True,True,30,30,True,2.6717999999999997,4.63566,1.7350325623175389,3,5,42,forward_elapsed_ms,runs/ours/trajectory/iter-18,runs/ours/trajectory/iter-18/output.txt,
CASE-MLP-ours-iter-19,ours,Ours / TileWeave,iter-19,19,Low,iter-18,Stay,49.37568777402242,correct,True,True,30,30,True,2.6009800000000003,4.63566,1.7822743735053708,3,5,42,forward_elapsed_ms,runs/ours/trajectory/iter-19,runs/ours/trajectory/iter-19/output.txt,
CASE-MLP-ours-iter-20,ours,Ours / TileWeave,iter-20,20,Low,iter-19,Stay,60.06809398730596,correct,True,True,30,30,True,2.34682,4.63566,1.97529422793397,3,5,42,forward_elapsed_ms,runs/ours/trajectory/iter-20,runs/ours/trajectory/iter-20/output.txt,
CASE-MLP-ours-iter-21,ours,Ours / TileWeave,iter-21,21,Low,iter-20,Stay,64.73307122389475,correct,True,True,30,30,True,2.2422400000000002,4.63566,2.06742364778079,3,5,42,forward_elapsed_ms,runs/ours/trajectory/iter-21,runs/ours/trajectory/iter-21/output.txt,
CASE-MLP-ours-iter-22,ours,Ours / TileWeave,iter-22,22,Low,iter-21,Stay,68.5051163673401,correct,True,True,30,30,True,2.20946,4.63566,2.0980963674381976,3,5,42,forward_elapsed_ms,runs/ours/trajectory/iter-22,runs/ours/trajectory/iter-22/output.txt,
CASE-MLP-ours-iter-23,ours,Ours / TileWeave,iter-23,23,Low,iter-22,Stay,74.84744715293249,correct,True,True,30,30,True,2.19574,4.63566,2.111206244819514,3,5,42,forward_elapsed_ms,runs/ours/trajectory/iter-23,runs/ours/trajectory/iter-23/output.txt,
CASE-MLP-ours-iter-24,ours,Ours / TileWeave,iter-24,24,Low,iter-21 (repeat),Stay,77.54927175839742,correct,True,True,30,30,True,2.2423200000000003,4.63566,2.067349887616397,3,5,42,forward_elapsed_ms,runs/ours/trajectory/iter-24,runs/ours/trajectory/iter-24/output.txt,
CASE-MLP-ours-iter-25,ours,Ours / TileWeave,iter-25,25,Low,iter-22 (repeat),Stay,79.40248803297679,correct,True,True,30,30,True,2.19594,4.63566,2.1110139621301127,3,5,42,forward_elapsed_ms,runs/ours/trajectory/iter-25,runs/ours/trajectory/iter-25/output.txt,
CASE-MLP-ours-iter-26,ours,Ours / TileWeave,iter-26,26,Low,iter-22 (remeasured at iter-25),Stay,82.6953160683314,correct,True,True,30,30,True,2.1767000000000003,4.63566,2.129673358754077,3,5,42,forward_elapsed_ms,runs/ours/trajectory/iter-26,runs/ours/trajectory/iter-26/output.txt,
CASE-MLP-ours-iter-27,ours,Ours / TileWeave,iter-27,27,Low,iter-26 (repeat),Stay,85.78420828183492,correct,True,True,30,30,True,2.1938799999999996,4.63566,2.112996152934527,3,5,42,forward_elapsed_ms,runs/ours/trajectory/iter-27,runs/ours/trajectory/iter-27/output.txt,
CASE-MLP-ours-final,ours,Ours / TileWeave,final,28,Low,iter-26,Stay,86.9505511244138,correct,True,True,30,30,True,2.18364,4.63566,2.122904874429851,3,5,42,forward_elapsed_ms,runs/ours/trajectory/final,runs/ours/trajectory/final/output.txt,Final validation of the restored selected candidate.
