configuration,method,repeats,task_configuration_pairs,mean_speedup,mean_display,sd_of_five_aggregate_repeat_means,cv_pct,minimum_repeat_mean,maximum_repeat_mean,correct_per_repeat,total_per_repeat,ci_scope,median_of_five_repeat_task_means,majority_success,successful_runs,total_runs,bootstrap_lower,bootstrap_upper,final_verify,final_verify_data_kind,final_verify_change_pct,final_verify_sd_of_five_aggregate_repeat_means
Ascend / Astra,AKO+TileWeave,5,50,4.5760000000000005,4.576,0.2389232270036842,5.221224366339252,4.195169338227437,4.776777363948053,50;49;50;50;50,50,Paired workload-level percentile bootstrap,3.6830727243370482,50,249,250,3.831796383926744,5.449290223219956,4.571465503815262,measured,-0.09909301103011581,0.23882881859608407
AMD / Astra,AKO+TileWeave,5,50,6.722,6.722,0.3629336627953569,5.399191651225184,6.381995255040193,7.278509815140984,49;49;50;49;50,50,Paired workload-level percentile bootstrap,5.585492212743358,50,247,250,5.434890570367134,8.221785157847446,6.7236943592480305,measured,0.025206177447634204,0.36382638014582036
Ascend / DeepSeek Flash,AKO+TileWeave,5,50,2.778,2.778,0.113171584617029,4.073851138121994,2.6660930600229524,2.939944998466515,47;46;47;48;48,50,Paired workload-level percentile bootstrap,2.1220332650699163,47,236,250,2.2223404939948206,3.3970259419704814,2.7651412995069733,measured,-0.4628761876539489,0.11064919212473914
AMD / DeepSeek Flash,AKO+TileWeave,5,50,5.268,5.268,0.3169191360918956,6.015928931129377,4.975388911804484,5.745481571367474,48;47;48;48;48,50,Paired workload-level percentile bootstrap,3.8297115651488856,48,239,250,4.103784538355835,6.576446328469117,5.232234033573074,measured,-0.6789287476637318,0.3143031783104605
Overall,AKO+TileWeave,5,200,4.836,4.836,0.22052996918648915,4.560173060101099,4.586689590980927,5.154111774408511,194;191;195;195;196,200,Paired workload-level percentile bootstrap,3.7670000000000003,195,971,1000,4.053700000000001,5.703699508116159,4.823133799035835,measured,-0.26605047485867006,0.220256472631722
Ascend / Astra,AKO-Fixed,5,50,2.982000000000001,2.982,0.1063379247928983,3.5659934538195257,2.887517554820878,3.147713426920784,49;50;49;50;49,50,Paired workload-level percentile bootstrap,2.8102626269365008,50,247,250,2.5605323354773915,3.4350916847179827,2.9761686646042143,measured,-0.19555115344690455,0.10127034262705005
AMD / Astra,AKO-Fixed,5,50,5.054999999999999,5.055,0.19048515624413637,3.7682523490432525,4.721948433375391,5.172655806450148,50;50;50;48;48,50,Paired workload-level percentile bootstrap,4.440312155451566,50,246,250,4.219148884425469,6.035790964535603,5.030180613855319,measured,-0.49098686735271624,0.19631169396121328
Ascend / DeepSeek Flash,AKO-Fixed,5,50,2.2930000000000006,2.293,0.10687794186386848,4.661052850583011,2.193609658880908,2.4319297547663483,45;44;43;43;43,50,Paired workload-level percentile bootstrap,1.7314041132953575,43,218,250,1.738213012762701,2.919334519734824,2.28837588880526,measured,-0.20166206693156274,0.10473918974818698
AMD / DeepSeek Flash,AKO-Fixed,5,50,4.631999999999999,4.632,0.27483570450448647,5.933413309682352,4.282353505595661,4.981508054309329,45;45;45;45;44,50,Paired workload-level percentile bootstrap,4.395238666703994,45,224,250,3.739303688285656,5.575948197007351,4.616104278699578,measured,-0.3431718760885327,0.2782362022453767
Overall,AKO-Fixed,5,200,3.7405000000000004,3.741,0.11271144840086444,3.013272247048909,3.5698242154654407,3.8564604055226557,189;189;187;186;184,200,Paired workload-level percentile bootstrap,3.037,188,935,1000,3.201832297464718,4.333159208214662,3.7277073614910927,measured,-0.3420034356077406,0.11701853818759056
Ascend / Astra,AKO-High-only,5,50,2.4020000000000006,2.402,0.08542903053905934,3.5565791231914785,2.329391035440505,2.526869793832598,49;50;50;50;50,50,Paired workload-level percentile bootstrap,1.8594080667622157,50,249,250,2.0074404820896263,2.830266828286907,2.3959634557108473,measured,-0.25131325100554713,0.08488734638230189
AMD / Astra,AKO-High-only,5,50,5.012999999999998,5.013,0.19883703239551218,3.9664279352785208,4.755587344502128,5.214090976061534,48;50;49;49;49,50,Paired workload-level percentile bootstrap,5.0821795526194204,50,245,250,4.27316930271786,5.7670794553611255,5.003145396562642,measured,-0.19658095825565436,0.20714100011128003
Ascend / DeepSeek Flash,AKO-High-only,5,50,1.046,1.046,0.08177712803710209,7.818081074292743,0.9907003775139261,1.1817822485165446,43;43;42;43;43,50,Paired workload-level percentile bootstrap,0.8855828371549905,43,214,250,0.8469327963749514,1.248673588766477,1.0452621933283215,measured,-0.07053601067672499,0.08395621893746372
AMD / DeepSeek Flash,AKO-High-only,5,50,3.792,3.792,0.10690000926753797,2.819093071401318,3.672384005737779,3.9070694212730537,44;46;44;46;45,50,Paired workload-level percentile bootstrap,3.2149874469666253,45,225,250,3.0676052872238637,4.5862739503653405,3.7877647661236775,measured,-0.1116886570760145,0.11239911934363708
Overall,AKO-High-only,5,200,3.06325,3.063,0.08182049024210236,2.6710353461879497,2.960469535251823,3.15661981599918,184;189;185;188;187,200,Paired workload-level percentile bootstrap,2.301,188,933,1000,2.6569849110823234,3.503286829330709,3.058033952931372,measured,-0.17027820349719835,0.0840473152168287
Ascend / Astra,AKO-Low-only,5,50,3.0320000000000005,3.032,0.0542084066538558,1.787876208900257,2.9516181137251523,3.0987217602685035,49;48;50;50;49,50,Paired workload-level percentile bootstrap,2.273127731812734,50,246,250,2.446930733293228,3.7368687605144095,3.028435431444738,measured,-0.11756492596511903,0.057117310041212614
AMD / Astra,AKO-Low-only,5,50,3.153000000000001,3.153,0.152960066792628,4.851254893518172,2.9558536930285415,3.295462930202173,50;49;50;49;49,50,Paired workload-level percentile bootstrap,2.5042778636472063,50,247,250,2.561873794862693,3.8751770647762775,3.146074452726655,measured,-0.21964945364243427,0.15676574021460485
Ascend / DeepSeek Flash,AKO-Low-only,5,50,1.981,1.981,0.06676671292858731,3.3703540095198035,1.8820824985202664,2.064161713589684,44;46;45;45;45,50,Paired workload-level percentile bootstrap,1.791633386424382,45,225,250,1.571124471949282,2.451707364193879,1.9799753064069519,measured,-0.05172607738759272,0.06703858332058067
AMD / DeepSeek Flash,AKO-Low-only,5,50,2.914999999999999,2.915,0.17947711239013936,6.157019292972192,2.7334414082405907,3.178418635714199,47;48;46;44;47,50,Paired workload-level percentile bootstrap,2.2734906804798474,47,232,250,2.313593682029686,3.597057344673906,2.916595088190577,measured,0.05472000653783393,0.17917879392980832
Overall,AKO-Low-only,5,200,2.77025,2.770,0.08539038743318529,3.082407271299893,2.6704855829182024,2.8833824535578993,190;191;191;188;190,200,Paired workload-level percentile bootstrap,2.2079999999999997,192,950,1000,2.348973757013832,3.2458943747571336,2.7677700696922307,measured,-0.0895200905250082,0.08233584376776507
Ascend / Astra,AKO-Unrestricted,5,50,2.444,2.444,0.0719638454366725,2.944510860747647,2.3353792541495313,2.5179004092441604,49;49;49;50;49,50,Paired workload-level percentile bootstrap,1.9530129789232977,50,246,250,2.0532406083230543,2.879277211396165,2.430284980282652,measured,-0.5611710195314257,0.07086470697879942
AMD / Astra,AKO-Unrestricted,5,50,4.696,4.696,0.21701931655818385,4.6213653440839835,4.435815854847961,4.900457152362491,50;49;50;50;49,50,Paired workload-level percentile bootstrap,4.597420894472384,50,248,250,3.986207541905931,5.402343466307389,4.668758933987415,measured,-0.5800908435388608,0.20911508208136614
Ascend / DeepSeek Flash,AKO-Unrestricted,5,50,1.8559999999999997,1.856,0.10119430685592444,5.4522794642200685,1.7557716509652055,1.9908625354420908,44;44;46;45;44,50,Paired workload-level percentile bootstrap,1.610779573014526,45,223,250,1.4807544115379057,2.315078052025451,1.8536163665280034,measured,-0.12842852758599976,0.10422297240789288
AMD / DeepSeek Flash,AKO-Unrestricted,5,50,3.942,3.942,0.24142070100856475,6.124320167644971,3.6987244869247706,4.337929389580446,48;47;48;45;47,50,Paired workload-level percentile bootstrap,3.280374733405501,47,235,250,3.155178831461938,4.797998910191664,3.923982416927159,measured,-0.45706704903198947,0.23666621424734086
Overall,AKO-Unrestricted,5,200,3.2345,3.235,0.12310650516142224,3.8060443704257914,3.1113951851660318,3.422411220437995,191;189;193;190;189,200,Paired workload-level percentile bootstrap,2.473,192,952,1000,2.8000136956247053,3.694744340412648,3.2191606744313073,measured,-0.47424101309917477,0.1198760106222159
Ascend / Astra,KDA,5,50,2.4289999999999994,2.429,0.10208941059047302,4.202939917269372,2.3017297277630835,2.5856419005629943,49;49;50;49;50,50,Paired workload-level percentile bootstrap,2.0231928278140776,50,247,250,1.9674652157369574,2.9901305163658534,2.420100681887899,measured,-0.36637785558255587,0.1039097053369374
AMD / Astra,KDA,5,50,3.0680000000000005,3.068,0.09491306181869111,3.0936460827474277,2.935005630503692,3.1801614257716992,49;50;48;50;49,50,Paired workload-level percentile bootstrap,2.78728917914039,50,246,250,2.5806125891557636,3.5798022761585946,3.0553015598750055,measured,-0.4138996129398609,0.09858005215149876
Ascend / DeepSeek Flash,KDA,5,50,2.0070000000000006,2.007,0.11889556847464777,5.924044268791617,1.8915486062753175,2.177207304734225,45;43;44;45;43,50,Paired workload-level percentile bootstrap,1.7478626298126743,44,220,250,1.5786623774878137,2.4735246417177974,2.004643971127966,measured,-0.1173905765836758,0.11697077384515417
AMD / DeepSeek Flash,KDA,5,50,2.9559999999999995,2.956,0.07200814098512025,2.4359993567361387,2.9030604571512475,3.069573390371761,45;47;46;44;45,50,Paired workload-level percentile bootstrap,2.431849015749671,46,227,250,2.3932375476151675,3.564427126188606,2.9411405986554886,measured,-0.5026861077304101,0.06590271496083822
Overall,KDA,5,200,2.615,2.615,0.043931758723491886,1.6799907733648904,2.5711128373461305,2.6703126146795553,188;189;188;188;187,200,Paired workload-level percentile bootstrap,2.1309999999999993,190,940,1000,2.284455295520574,2.969609222733496,2.60529670288659,measured,-0.37106298712850094,0.04338926974329609
Ascend / Astra,KDA+TileWeave,5,50,4.437000000000001,4.437,0.27233963378876486,6.137922780905224,4.064216344680276,4.723357511256341,50;49;50;50;49,50,Paired workload-level percentile bootstrap,3.3919999999999995,50,248,250,3.72257601737118,5.211480465124165,4.435053365453738,measured,-0.04387276417090469,0.26968879916807276
AMD / Astra,KDA+TileWeave,5,50,6.339,6.339,0.22395343554130245,3.5329458201814554,6.03140135723109,6.597509059262243,49;49;50;50;47,50,Paired workload-level percentile bootstrap,5.710485235821512,50,245,250,5.307099271571402,7.527543221943448,6.316637166732642,measured,-0.3527817205767225,0.2346907469268756
Ascend / DeepSeek Flash,KDA+TileWeave,5,50,2.371,2.371,0.09565785759328302,4.034494204693505,2.2624164621027822,2.4753015372968674,47;46;46;47;46,50,Paired workload-level percentile bootstrap,1.8191428523430915,47,232,250,1.895487256942113,2.902001535337384,2.369108125084499,measured,-0.07979227817380696,0.10102652354326891
AMD / DeepSeek Flash,KDA+TileWeave,5,50,4.552999999999999,4.553,0.1986634297935139,4.36335229065482,4.2782285714408905,4.808695118398328,49;49;47;48;49,50,Paired workload-level percentile bootstrap,3.538412953653288,48,242,250,3.698167192556138,5.493106036964347,4.544212108194563,measured,-0.193013217778093,0.17776395965346625
Overall,KDA+TileWeave,5,200,4.425,4.425,0.11910072521713878,2.6915418128166957,4.316508042827339,4.566843383979776,195;193;193;195;191,200,Paired workload-level percentile bootstrap,3.3920000000000003,195,967,1000,3.798269821641242,5.117055599781454,4.416252691366361,measured,-0.1976792911556835,0.11697655044507253
Ascend / Astra,Random,5,50,3.7500000000000004,3.750,0.21065898961279422,5.617573056341179,3.414449028266817,3.975242874609443,50;49;49;50;50,50,Paired workload-level percentile bootstrap,3.0810562886471278,50,248,250,3.155605178044926,4.391709134728704,3.7282669075391714,measured,-0.5795491322887703,0.2201201752728899
AMD / Astra,Random,5,50,5.486999999999999,5.487,0.3343257020920634,6.0930508855852645,5.210583458075887,5.990885298981933,49;49;49;50;48,50,Paired workload-level percentile bootstrap,4.778516428301693,50,245,250,4.561449708377449,6.519288861697292,5.457200913632316,measured,-0.5430852263109798,0.33425099339121017
Ascend / DeepSeek Flash,Random,5,50,1.962045582245956,1.962,0.04938194965723248,2.516860469709623,1.8798593261029393,2.004729685154663,45;47;45;47;46,50,Paired workload-level percentile bootstrap,1.6481548550266403,46,230,250,1.5795259132017587,2.3810217120056314,1.955053755026921,measured,-0.3563539645715763,0.05070110747914086
AMD / DeepSeek Flash,Random,5,50,3.7915843612858735,3.792,0.21077680677395344,5.55906942032198,3.4600406438517433,4.028989565576896,44;46;45;45;46,50,Paired workload-level percentile bootstrap,2.711409307876707,45,226,250,2.8997176266572713,4.846483991648409,3.7668657422301712,measured,-0.6519337749172238,0.20159383798246983
Overall,Random,5,200,3.747657485882957,3.748,0.16709782146913446,4.458727140849314,3.528225918979337,3.9595372310843713,188;191;188;192;190,200,Paired workload-level percentile bootstrap,2.8040000000000003,191,949,1000,3.1397990931108923,4.434045572801626,3.726846829607145,measured,-0.555297712082925,0.16904327613416362
Ascend / Astra,w/o Diagnosis,5,50,4.213926126140903,4.214,0.15368269293802253,3.6470191535788627,3.982760600012704,4.390833874984967,49;49;50;50;50,50,Paired workload-level percentile bootstrap,3.2272864216593273,50,248,250,3.472003754360753,5.037678947203916,4.195536843980345,measured,-0.43639308355409856,0.16290860272029886
AMD / Astra,w/o Diagnosis,5,50,6.105221110041159,6.105,0.14257586025436517,2.3353103464160037,5.901797489595408,6.273510280104423,50;50;49;50;50,50,Paired workload-level percentile bootstrap,5.142716487189859,50,249,250,5.175673324597586,7.097427589681773,6.087812368034133,measured,-0.28514515188309275,0.12793110932512114
Ascend / DeepSeek Flash,w/o Diagnosis,5,50,2.111178343209456,2.111,0.15830951654241238,7.498633028877467,1.9365294870820235,2.36190709577731,47;44;45;45;45,50,Paired workload-level percentile bootstrap,1.729585940075717,45,226,250,1.666082097479103,2.6032162443286255,2.109588555774937,measured,-0.07530332241387772,0.16036125595622663
AMD / DeepSeek Flash,w/o Diagnosis,5,50,4.484411016273298,4.484,0.05145771843476327,1.147479975587216,4.429433883009953,4.546755868361171,47;48;47;48;48,50,Paired workload-level percentile bootstrap,3.4284921587177246,48,238,250,3.5687791543264042,5.521324887808921,4.468336697806883,measured,-0.35844882211026885,0.04400822241418864
Overall,w/o Diagnosis,5,200,4.228684148916204,4.229,0.032167297024763244,0.7606928276496508,4.199218381714096,4.27626965902505,193;191;191;193;193,200,Paired workload-level percentile bootstrap,3.3756651185207005,193,961,1000,3.5578423447454037,4.98010029735391,4.215318616399075,measured,-0.31606835711659453,0.03553293449855877
Ascend / Astra,w/o Scheduling,5,50,3.9419094510029007,3.942,0.10910906520865309,2.7679241891488284,3.8427693748706475,4.098454154563024,50;50;48;50;50,50,Paired workload-level percentile bootstrap,3.1172490685962,50,248,250,3.2298585900156347,4.714289889364914,3.9283562085311696,measured,-0.34382429734104436,0.10572874823605449
AMD / Astra,w/o Scheduling,5,50,5.544971112020172,5.545,0.2920896842965451,5.267650243720197,5.1248338844240005,5.903578343556388,49;50;49;50;50,50,Paired workload-level percentile bootstrap,4.783820572078627,50,248,250,4.664913729487712,6.494580688318335,5.531856727722497,measured,-0.23650951524790687,0.29676602054115664
Ascend / DeepSeek Flash,w/o Scheduling,5,50,2.086470497660227,2.086,0.12175519438352493,5.835462064767342,1.9715487829874487,2.273498950161625,43;43;44;44;46,50,Paired workload-level percentile bootstrap,1.6779371599778532,44,220,250,1.6550245723892871,2.544616711377394,2.087433239697633,measured,0.046142135174487287,0.12408857236169132
AMD / DeepSeek Flash,w/o Scheduling,5,50,3.8429471370445536,3.843,0.20334368142974546,5.2913473482262985,3.5259943540534433,4.07628695721611,45;45;46;44;43,50,Paired workload-level percentile bootstrap,3.162206279668273,45,223,250,3.0703470058484554,4.70793742070071,3.8308576152232687,measured,-0.3145898548732706,0.195908718225702
Overall,w/o Scheduling,5,200,3.8540745494319637,3.854,0.14671623876480983,3.806782585106812,3.629821862562852,3.9875532589716145,187;188;187;188;189,200,Paired workload-level percentile bootstrap,3.0388392417648893,189,939,1000,3.243387718727177,4.527190825803676,3.844625947793642,measured,-0.24515876683585125,0.14729301769785394
Ascend / Astra,w/o Tree,5,50,4.199522066948497,4.200,0.1623103382796557,3.8649716727788364,4.016217237303456,4.396962817510763,48;50;50;50;50,50,Paired workload-level percentile bootstrap,3.2135942115710794,50,248,250,3.4806985851889083,4.986543666482535,4.188365994880093,measured,-0.2656509929119255,0.16331555621941454
AMD / Astra,w/o Tree,5,50,6.002214868473449,6.002,0.11420246512281136,1.9026720573210105,5.826903285796857,6.142982425814315,50;50;50;48;48,50,Paired workload-level percentile bootstrap,5.14955291634625,50,246,250,5.094127752554922,6.983756015605119,5.992117245150891,measured,-0.16823162022399085,0.10020895926434345
Ascend / DeepSeek Flash,w/o Tree,5,50,2.3030271055034275,2.303,0.1447381212638895,6.28469030685814,2.2054702652172877,2.553696227008826,46;47;47;47;48,50,Paired workload-level percentile bootstrap,2.079517279552834,47,235,250,1.909947204716241,2.712945711155093,2.296002212396893,measured,-0.3050286768118138,0.15027460973570306
AMD / DeepSeek Flash,w/o Tree,5,50,4.058880480826613,4.059,0.05312301264341188,1.3088094831654933,4.017740428852732,4.13618673900137,45;45;46;46;45,50,Paired workload-level percentile bootstrap,3.253479099124962,46,227,250,3.2170370956699084,5.012527431283599,4.041738718508209,measured,-0.4223273486218204,0.04961790258305324
Overall,w/o Tree,5,200,4.140911130437996,4.141,0.04098638108024238,0.989791371733861,4.097153891575405,4.194712847862975,189;192;193;191;191,200,Paired workload-level percentile bootstrap,3.329291016747944,193,956,1000,3.5659739694550923,4.751998754878037,4.129556042734022,measured,-0.2742171311165942,0.039591594487757925
