method,budget_type,budget,mean_best_so_far_speedup
AKO-High-only,time,0,0
AKO-Low-only,time,0,0
AKO-Fixed,time,0,0
AKO-Unrestricted,time,0,0
Random,time,0,0
AKO+TileWeave,time,0,0
AKO-High-only,time,15,1.614
AKO-Low-only,time,15,0.925
AKO-Fixed,time,15,1.614
AKO-Unrestricted,time,15,1.199
Random,time,15,1.251
AKO+TileWeave,time,15,1.472
AKO-High-only,time,30,2.543
AKO-Low-only,time,30,1.95
AKO-Fixed,time,30,2.403
AKO-Unrestricted,time,30,2.423
Random,time,30,2.238
AKO+TileWeave,time,30,3.134
AKO-High-only,time,45,2.919
AKO-Low-only,time,45,2.456
AKO-Fixed,time,45,3.178
AKO-Unrestricted,time,45,2.911
Random,time,45,2.952
AKO+TileWeave,time,45,4.104
AKO-High-only,time,60,3.039
AKO-Low-only,time,60,2.674
AKO-Fixed,time,60,3.503
AKO-Unrestricted,time,60,3.168
Random,time,60,3.376
AKO+TileWeave,time,60,4.553
AKO-High-only,time,75,3.058
AKO-Low-only,time,75,2.735
AKO-Fixed,time,75,3.667
AKO-Unrestricted,time,75,3.224
Random,time,75,3.58
AKO+TileWeave,time,75,4.738
AKO-High-only,time,90,3.062
AKO-Low-only,time,90,2.757
AKO-Fixed,time,90,3.72
AKO-Unrestricted,time,90,3.232
Random,time,90,3.695
AKO+TileWeave,time,90,4.806
AKO-High-only,time,105,3.063
AKO-Low-only,time,105,2.769
AKO-Fixed,time,105,3.734
AKO-Unrestricted,time,105,3.235
Random,time,105,3.733
AKO+TileWeave,time,105,4.827
AKO-High-only,time,120,3.063
AKO-Low-only,time,120,2.77
AKO-Fixed,time,120,3.741
AKO-Unrestricted,time,120,3.235
Random,time,120,3.748
AKO+TileWeave,time,120,4.836
AKO-High-only,eval,0,0
AKO-Low-only,eval,0,0
AKO-Fixed,eval,0,0
AKO-Unrestricted,eval,0,0
Random,eval,0,0
AKO+TileWeave,eval,0,0
AKO-High-only,eval,1,0.588
AKO-Low-only,eval,1,0.364
AKO-Fixed,eval,1,0.588
AKO-Unrestricted,eval,1,0.567
Random,eval,1,0.646
AKO+TileWeave,eval,1,0.657
AKO-High-only,eval,2,0.936
AKO-Low-only,eval,2,0.672
AKO-Fixed,eval,2,0.936
AKO-Unrestricted,eval,2,0.838
Random,eval,2,0.956
AKO+TileWeave,eval,2,1.015
AKO-High-only,eval,4,1.242
AKO-Low-only,eval,4,1.053
AKO-Fixed,eval,4,1.242
AKO-Unrestricted,eval,4,1.255
Random,eval,4,1.302
AKO+TileWeave,eval,4,1.551
AKO-High-only,eval,8,1.808
AKO-Low-only,eval,8,1.577
AKO-Fixed,eval,8,1.808
AKO-Unrestricted,eval,8,1.884
Random,eval,8,1.801
AKO+TileWeave,eval,8,2.389
AKO-High-only,eval,16,2.642
AKO-Low-only,eval,16,2.395
AKO-Fixed,eval,16,2.975
AKO-Unrestricted,eval,16,2.748
Random,eval,16,2.744
AKO+TileWeave,eval,16,3.904
AKO-High-only,eval,32,3.049
AKO-Low-only,eval,32,2.761
AKO-Fixed,eval,32,3.679
AKO-Unrestricted,eval,32,3.202
Random,eval,32,3.628
AKO+TileWeave,eval,32,4.79
AKO-High-only,eval,64,3.063
AKO-Low-only,eval,64,2.77
AKO-Fixed,eval,64,3.741
AKO-Unrestricted,eval,64,3.235
Random,eval,64,3.748
AKO+TileWeave,eval,64,4.836
